username,email,birthday,create_at
jdjjfk,,2024-01-23 16:50:08.927840
sum,123,2024-01-23 16:54:13.963461
,,2024-01-23 17:00:41.648345
,,2024-01-23 17:06:18.340037
,,2024-01-23 17:07:00.783211
,,2024-01-23 17:10:46.918427
,,2024-01-23 17:18:05.555982
,,2024-01-23 17:20:18.440225
,,2024-01-23 17:22:49.508373
,,2024-01-27 21:39:21.071116
,,2024-01-27 21:39:58.737804
,,2024-01-27 21:40:21.321324
,,2024-01-27 21:56:21.467076
,,2024-01-27 21:58:54.566995
,,2024-01-27 21:59:45.434148
,,2024-01-27 22:00:41.986879
,,2024-01-27 22:08:10.469045
,,2024-01-27 22:08:48.918320
,,2024-01-27 22:13:09.301475
,,2024-01-27 22:14:03.387803
,,2024-01-27 22:14:23.151765
,,2024-01-27 22:15:29.084731
,,2024-01-27 22:17:14.935122
,,2024-01-27 22:17:36.154840
,,2024-01-27 22:20:43.102183
,,2024-01-27 22:30:35.702875
,,2024-01-27 22:41:45.513293
,,2024-01-27 22:42:31.782785
,,2024-01-27 22:56:38.345383
,,2024-01-27 22:57:41.045198
,,2024-01-27 22:58:35.582939
,,2024-01-27 23:00:02.545478
,,2024-01-27 23:01:25.794703
,,2024-01-27 23:04:16.912183
,,2024-01-27 23:05:55.594871
,,2024-01-27 23:06:57.466500
,,2024-01-27 23:07:06.612116
,,2024-01-27 23:07:38.147430
,,2024-01-27 23:07:56.666901
,,2024-01-27 23:12:40.819523
,,2024-01-27 23:22:10.753284
,,2024-01-27 23:23:35.137520
,,2024-01-27 23:28:26.536924
,,2024-01-27 23:30:11.471634
,,2024-01-27 23:31:30.260998
,,2024-01-27 23:33:59.388086
,,2024-01-27 23:34:15.854890
